company_name,formatted_relative_time,id,link,locality,location,pub_date_ts_milli,salary
CAI,Just posted,8cb065265a11f091,/job/8cb065265a11f091?locality=us,us,"Evanston, IL 60208",1.72603E+12,- 
Fortune Brands,Just posted,22476bd891b322ad,/job/22476bd891b322ad?locality=us,us,"Chicago, IL 60618",1.72603E+12,- 
United Airlines,Just posted,421f2f591da68cfb,/job/421f2f591da68cfb?locality=us,us,"Chicago, IL",1.72603E+12,105600-154880 yearly
Wintrust Financial,Just posted,4e64e62ae13abf88,/job/4e64e62ae13abf88?locality=us,us,"Rosemont, IL 60018",1.72603E+12,- 
Morningstar,Just posted,383407c1494756f3,/job/383407c1494756f3?locality=us,us,"Chicago, IL 60602",1.72603E+12,- 
McDonald's Corporation,Just posted,1aba2ff4fb9a079b,/job/1aba2ff4fb9a079b?locality=us,us,"Chicago, IL 60607",1.72603E+12,- 
SDI Presence,Just posted,9297f75feabdd5bf,/job/9297f75feabdd5bf?locality=us,us,"Chicago, IL 60601",1.72603E+12,- 
Stryker,Just posted,ba76c7327105a25f,/job/ba76c7327105a25f?locality=us,us,"Chicago, IL",1.72603E+12,112000-239000 yearly
EY,Just posted,0850022d516966ec,/job/0850022d516966ec?locality=us,us,"Chicago, IL 60606",1.72603E+12,101500-211300 yearly
Deloitte,Just posted,9fb37953a335780c,/job/9fb37953a335780c?locality=us,us,"Chicago, IL 60606",1.72603E+12,124616-240488 yearly
Sysmex,Just posted,7a69c97faa5283b2,/job/7a69c97faa5283b2?locality=us,us,"Lincolnshire, IL 60069",1.72603E+12,- 
1 Point System LLC,Just posted,a73dd7f5939c029a,/job/a73dd7f5939c029a?locality=us,us,"Chicago, IL 60607",1.72603E+12,0-80 hourly
PRICE WATERHOUSE COOPERS,1 day ago,43e2ea3097923559,/job/43e2ea3097923559?locality=us,us,"Chicago, IL",1.72594E+12,84000-202000 yearly
PRICE WATERHOUSE COOPERS,1 day ago,f8f895fb94b4f21d,/job/f8f895fb94b4f21d?locality=us,us,"Chicago, IL",1.72594E+12,84000-202000 yearly
